{
  "blogs": [
    {
      "id": "1",
      "title": "Getting Started with Vue 3",
      "body": "Vue 3 introduces the Composition API which provides better code organization and reusability. In this article, we'll explore the basics of setting up a Vue 3 project and using the new Composition API features.",
      "tags": [
        "vue",
        "javascript",
        "frontend"
      ]
    },
    {
      "id": "2",
      "title": "State Management in Vue Applications",
      "body": "Managing state in large Vue applications can be challenging. This article covers different state management patterns including Pinia, Vuex, and simple reactive objects.",
      "tags": [
        "vue",
        "state-management",
        "pinia"
      ]
    },
    {
      "id": "3",
      "title": "Building Reusable Components",
      "body": "Learn how to create truly reusable components in Vue that can adapt to different use cases through props, slots, and composables.",
      "tags": [
        "vue",
        "components",
        "frontend"
      ]
    },
    {
      "id": "4",
      "title": "fzn",
      "body": "npn",
      "tags": [
        "neinome"
      ]
    },
    {
      "id": 5,
      "title": "ucbh",
      "body": "ijj",
      "tags": [
        "python",
        "vue",
        "cpp"
      ]
    }
  ],
  "tags": [
    {
      "name": "vue",
      "id": "00d3"
    },
    {
      "name": "javascript",
      "id": "97a2"
    },
    {
      "name": "frontend",
      "id": "7392"
    },
    {
      "name": "state-management",
      "id": "e6c9"
    },
    {
      "name": "pinia",
      "id": "f5ef"
    },
    {
      "name": "components",
      "id": "f0d7"
    },
    {
      "id": "cbb6",
      "name": "python"
    },
    {
      "id": "4ad1",
      "name": "cpp"
    }
  ]
}